{"cameraMode":{"drawMode":0,"name":"Shaded","section":"Shading Mode"},"sceneLighting":true,"audioPlay":false,"sceneViewState":{"showFog":false,"showMaterialUpdate":false,"showSkybox":false,"showFlares":false,"showImageEffects":false,"showParticleSystems":false},"in2DMode":false,"pivot":{"x":7.256988048553467,"y":3.517920970916748,"z":-7.8894453048706059},"rotation":{"x":-0.0032923580147325994,"y":-0.09258787333965302,"z":0.00032630801433697343,"w":-0.995742678642273},"size":14.534697532653809,"orthographic":false}