{"cameraMode":{"drawMode":0,"name":"Shaded","section":"Shading Mode"},"sceneLighting":true,"audioPlay":false,"sceneViewState":{"showFog":false,"showMaterialUpdate":false,"showSkybox":false,"showFlares":false,"showImageEffects":false,"showParticleSystems":false},"in2DMode":false,"pivot":{"x":4.224215030670166,"y":-0.12434671819210053,"z":-5.129650115966797},"rotation":{"x":-0.03105982579290867,"y":0.9405183792114258,"z":0.3265511393547058,"w":0.08909981697797775},"size":12.365280151367188,"orthographic":false}